[
    {
        "name": "Lady Gaga",
        "genres": ["dance pop", "pop"],
        "id": "1HY2Jd0NmPuamShAr6KMms",
        "image": {
            "height": 640,
            "url": "https://i.scdn.co/image/6fdeaf010a560e24ed9fdfab939dd0ab01d3d32c",
            "width": 640
        },
        "url": "https://open.spotify.com/artist/1HY2Jd0NmPuamShAr6KMms"
    },
    {
        "name": "Rihanna",
        "genres": ["dance pop", "pop", "post-teen pop", "r&b", "urban contemporary"],
        "id": "5pKCCKE2ajJHZ9KAiaK11H",
        "image": {
            "height": 640,
            "url": "https://i.scdn.co/image/1fc2f537d678d701d7d143a8fd4f0c2f29fbde22",
            "width": 640
        },
        "url": "https://open.spotify.com/artist/5pKCCKE2ajJHZ9KAiaK11H"
    },
    {
        "name": "Bob Dylan",
        "genres": ["album rock", "classic rock", "folk"],
        "id": "74ASZWbe4lXaubB36ztrGX",
        "image": {
            "height": 1263,
            "url": "https://i.scdn.co/image/e8b81b4850f3374ecfc5c45eff323d17213dc6e4",
            "width": 1000
        },
        "url": "https://open.spotify.com/artist/74ASZWbe4lXaubB36ztrGX"
    }
]